Workbook

Sheet 说明
A1: 故事数据库
A2: StoryDB v1.0
A4: 故事数据库标准模板。每张表第一列是 ID；其他表用 ID 引用它（像关系数据库）。表名、列名按名称匹配，可以插入新列，列的顺序随意。列名带「（自动）」的是公式列，仪表盘不读。
A6: 怎么用
A7: 1. 每张表第一列是 ID（如 C01、L01、T01、CH01）。ID 一旦给出就不改、不复用；不要的行把「状态」改成「弃」，不要删行。
A8: 2. 深蓝表头 = 必填；浅蓝 = 选填；灰色「（自动）」= 公式，按 ID 显示名字，不要手填。鼠标停在表头上可以看到这一列怎么填。
A9: 3. 带下拉箭头的格子可以从下拉里选（人物ID、地点ID、状态……），也可以手打。
A10: 4. 一格里写多个 ID 用顿号分隔：C01、C02。
A11: 5. 可以随意加新列（仪表盘会原样显示在详情里），也可以调整列的顺序；不要改已有的列名。
A12: 6. 用不到的表可以删掉；「人物」和「事件」是必需的。
A13: 7. 「出场」表写每个人在每个事件里做什么、在哪里；只想记「谁在场」时，填「事件.涉及人物ID」就够了。
A15: 日期写法：日期可写：2031-07-11 · 2031-07 · 2031 · 2031 春 / 夏 / 秋 / 冬 · 2031 春节（查「节日」表）· 约 1850 · 也可以是 Excel 日期。
... A19: 各表
A20: 设置 | B20: 整本书的设置：每行一个「项目 / 值」。不填就用默认值。
A21: 人物 * | B21: 每行一个人物。人物ID 一旦给出不改、不复用。
A22: 关系 | B22: 每行一对人物的关系，画成关系图。
A23: 地点 | B23: 每行一个地点。上级地点ID 可以建层级（宿舍 ⊂ 校园 ⊂ 城市）。
A24: 事件 * | B24: 每行一个事件（时间线）。涉及人物ID 写简单的「谁在场」；要写每个人做什么、在哪，用「出场」表。
A25: 出场 | B25: 事件 × 人物：每行写一个人物在一个事件里做什么、在哪里。不在事件地点时填自己的地点ID。
A26: 行踪 | B26: 一段时间里某人在哪里（旅行、留学、外出）。时间线上画成色条。
A27: 章节 | B27: 每行一章。章序决定叙事顺序。
A28: 场景 | B28: 章内场景。出场人物也算进关系图的「同场」连线。
A29: 伏笔 | B29: 埋在哪章、在哪章回收。
A30: 知情台账 | B30: 谁在什么时候知道了什么。每位知情人一行，同一秘密用同一个秘密ID。
A31: 节日 | B31: 让日期可以写成「2031 春节」。每行：年份、节日名称、公历日期。

Sheet 设置
A1: 项目 | B1: 值 | C1: 说明
A2: 书名 | C2: 仪表盘标题
A3: 英文书名 | C3: 英文界面用
A4: 主要人物 | C4: 人物ID，用顿号分隔；不填则用「人物.主要人物」列，再不填按出场次数取前 8 位
A5: 显示起始 | C5: 时间轴默认起点，如 2030
A6: 显示结束 | C6: 时间轴默认终点
A7: 参照日期 | C7: 人物档案里「当前年龄」按这一天算
A8: 已定状态 | B8: 定 | C8: 这个状态的行若还含「未定标记」会被提醒
A9: 作废状态 | B9: 弃 | C9: 这个状态的行在图上隐藏（引用仍有效）
A10: 未定标记 | B10: 【缺】、【议】、【暂】、待定 | C10: 文字里出现这些词说明还没定
A11: 状态取值 | B11: 定、暂、议、缺、推、弃 | C11: 状态列可用的值（按顺序配色）

Sheet 人物
A1: 人物ID | B1: 姓名 | C1: 简称 | D1: 英文名 | E1: 定位 | F1: 主要人物 | G1: 分组 | H1: 性别 | I1: 物种 | J1: 出生日期 | K1: 去世日期 | L1: 身份 | M1: 首次出场章 | N1: 简介 | O1: 状态 | P1: 备注

Sheet 关系
A1: 关系ID | B1: 人物A_ID | C1: 人物A（自动） | D1: 人物B_ID | E1: 人物B（自动） | F1: 关系类型 | G1: 方向 | H1: 强度 | I1: 开始日期 | J1: 结束日期 | K1: 首次交集章 | L1: 状态 | M1: 备注
C2: =IF($B2="","",IFERROR(INDEX('人物'!$B:$B,MATCH($B2,'人物'!$A:$A,0)),"⚠ ID不存在")) | E2: =IF($D2="","",IFERROR(INDEX('人物'!$B:$B,MATCH($D2,'人物'!$A:$A,0)),"⚠ ID不存在"))
C3: =IF($B3="","",IFERROR(INDEX('人物'!$B:$B,MATCH($B3,'人物'!$A:$A,0)),"⚠ ID不存在")) | E3: =IF($D3="","",IFERROR(INDEX('人物'!$B:$B,MATCH($D3,'人物'!$A:$A,0)),"⚠ ID不存在"))
C4: =IF($B4="","",IFERROR(INDEX('人物'!$B:$B,MATCH($B4,'人物'!$A:$A,0)),"⚠ ID不存在")) | E4: =IF($D4="","",IFERROR(INDEX('人物'!$B:$B,MATCH($D4,'人物'!$A:$A,0)),"⚠ ID不存在"))
C5: =IF($B5="","",IFERROR(INDEX('人物'!$B:$B,MATCH($B5,'人物'!$A:$A,0)),"⚠ ID不存在")) | E5: =IF($D5="","",IFERROR(INDEX('人物'!$B:$B,MATCH($D5,'人物'!$A:$A,0)),"⚠ ID不存在"))
C6: =IF($B6="","",IFERROR(INDEX('人物'!$B:$B,MATCH($B6,'人物'!$A:$A,0)),"⚠ ID不存在")) | E6: =IF($D6="","",IFERROR(INDEX('人物'!$B:$B,MATCH($D6,'人物'!$A:$A,0)),"⚠ ID不存在"))
C7: =IF($B7="","",IFERROR(INDEX('人物'!$B:$B,MATCH($B7,'人物'!$A:$A,0)),"⚠ ID不存在")) | E7: =IF($D7="","",IFERROR(INDEX('人物'!$B:$B,MATCH($D7,'人物'!$A:$A,0)),"⚠ ID不存在"))
C8: =IF($B8="","",IFERROR(INDEX('人物'!$B:$B,MATCH($B8,'人物'!$A:$A,0)),"⚠ ID不存在")) | E8: =IF($D8="","",IFERROR(INDEX('人物'!$B:$B,MATCH($D8,'人物'!$A:$A,0)),"⚠ ID不存在"))
C9: =IF($B9="","",IFERROR(INDEX('人物'!$B:$B,MATCH($B9,'人物'!$A:$A,0)),"⚠ ID不存在")) | E9: =IF($D9="","",IFERROR(INDEX('人物'!$B:$B,MATCH($D9,'人物'!$A:$A,0)),"⚠ ID不存在"))
C10: =IF($B10="","",IFERROR(INDEX('人物'!$B:$B,MATCH($B10,'人物'!$A:$A,0)),"⚠ ID不存在")) | E10: =IF($D10="","",IFERROR(INDEX('人物'!$B:$B,MATCH($D10,'人物'!$A:$A,0)),"⚠ ID不存在"))
C11: =IF($B11="","",IFERROR(INDEX('人物'!$B:$B,MATCH($B11,'人物'!$A:$A,0)),"⚠ ID不存在")) | E11: =IF($D11="","",IFERROR(INDEX('人物'!$B:$B,MATCH($D11,'人物'!$A:$A,0)),"⚠ ID不存在"))
C12: =IF($B12="","",IFERROR(INDEX('人物'!$B:$B,MATCH($B12,'人物'!$A:$A,0)),"⚠ ID不存在")) | E12: =IF($D12="","",IFERROR(INDEX('人物'!$B:$B,MATCH($D12,'人物'!$A:$A,0)),"⚠ ID不存在"))
C13: =IF($B13="","",IFERROR(INDEX('人物'!$B:$B,MATCH($B13,'人物'!$A:$A,0)),"⚠ ID不存在")) | E13: =IF($D13="","",IFERROR(INDEX('人物'!$B:$B,MATCH($D13,'人物'!$A:$A,0)),"⚠ ID不存在"))
... C301: =IF($B301="","",IFERROR(INDEX('人物'!$B:$B,MATCH($B301,'人物'!$A:$A,0)),"⚠ ID不存在")) | E301: =IF($D301="","",IFERROR(INDEX('人物'!$B:$B,MATCH($D301,'人物'!$A:$A,0)),"⚠ ID不存在"))

Sheet 地点
A1: 地点ID | B1: 名称 | C1: 类型 | D1: 上级地点ID | E1: 上级地点（自动） | F1: 区域 | G1: 描述 | H1: 首次出现章 | I1: 状态 | J1: 备注
E2: =IF($D2="","",IFERROR(INDEX('地点'!$B:$B,MATCH($D2,'地点'!$A:$A,0)),"⚠ ID不存在"))
E3: =IF($D3="","",IFERROR(INDEX('地点'!$B:$B,MATCH($D3,'地点'!$A:$A,0)),"⚠ ID不存在"))
E4: =IF($D4="","",IFERROR(INDEX('地点'!$B:$B,MATCH($D4,'地点'!$A:$A,0)),"⚠ ID不存在"))
E5: =IF($D5="","",IFERROR(INDEX('地点'!$B:$B,MATCH($D5,'地点'!$A:$A,0)),"⚠ ID不存在"))
E6: =IF($D6="","",IFERROR(INDEX('地点'!$B:$B,MATCH($D6,'地点'!$A:$A,0)),"⚠ ID不存在"))
E7: =IF($D7="","",IFERROR(INDEX('地点'!$B:$B,MATCH($D7,'地点'!$A:$A,0)),"⚠ ID不存在"))
E8: =IF($D8="","",IFERROR(INDEX('地点'!$B:$B,MATCH($D8,'地点'!$A:$A,0)),"⚠ ID不存在"))
E9: =IF($D9="","",IFERROR(INDEX('地点'!$B:$B,MATCH($D9,'地点'!$A:$A,0)),"⚠ ID不存在"))
E10: =IF($D10="","",IFERROR(INDEX('地点'!$B:$B,MATCH($D10,'地点'!$A:$A,0)),"⚠ ID不存在"))
E11: =IF($D11="","",IFERROR(INDEX('地点'!$B:$B,MATCH($D11,'地点'!$A:$A,0)),"⚠ ID不存在"))
E12: =IF($D12="","",IFERROR(INDEX('地点'!$B:$B,MATCH($D12,'地点'!$A:$A,0)),"⚠ ID不存在"))
E13: =IF($D13="","",IFERROR(INDEX('地点'!$B:$B,MATCH($D13,'地点'!$A:$A,0)),"⚠ ID不存在"))
... E301: =IF($D301="","",IFERROR(INDEX('地点'!$B:$B,MATCH($D301,'地点'!$A:$A,0)),"⚠ ID不存在"))

Sheet 事件
A1: 事件ID | B1: 日期 | C1: 精度 | D1: 结束日期 | E1: 时间说明 | F1: 事件 | G1: 涉及人物ID | H1: 地点ID | I1: 地点（自动） | J1: 章节ID | K1: 类别 | L1: 状态 | M1: 备注
I2: =IF($H2="","",IFERROR(INDEX('地点'!$B:$B,MATCH(LEFT(SUBSTITUTE(SUBSTITUTE($H2,",","、"),"，","、"),FIND("、",SUBSTITUTE(SUBSTITUTE($H2,",","、"),"，","、")&"、")-1),'地点'!$A:$A,0)),"⚠ ID不存在"))
I3: =IF($H3="","",IFERROR(INDEX('地点'!$B:$B,MATCH(LEFT(SUBSTITUTE(SUBSTITUTE($H3,",","、"),"，","、"),FIND("、",SUBSTITUTE(SUBSTITUTE($H3,",","、"),"，","、")&"、")-1),'地点'!$A:$A,0)),"⚠ ID不存在"))
I4: =IF($H4="","",IFERROR(INDEX('地点'!$B:$B,MATCH(LEFT(SUBSTITUTE(SUBSTITUTE($H4,",","、"),"，","、"),FIND("、",SUBSTITUTE(SUBSTITUTE($H4,",","、"),"，","、")&"、")-1),'地点'!$A:$A,0)),"⚠ ID不存在"))
I5: =IF($H5="","",IFERROR(INDEX('地点'!$B:$B,MATCH(LEFT(SUBSTITUTE(SUBSTITUTE($H5,",","、"),"，","、"),FIND("、",SUBSTITUTE(SUBSTITUTE($H5,",","、"),"，","、")&"、")-1),'地点'!$A:$A,0)),"⚠ ID不存在"))
I6: =IF($H6="","",IFERROR(INDEX('地点'!$B:$B,MATCH(LEFT(SUBSTITUTE(SUBSTITUTE($H6,",","、"),"，","、"),FIND("、",SUBSTITUTE(SUBSTITUTE($H6,",","、"),"，","、")&"、")-1),'地点'!$A:$A,0)),"⚠ ID不存在"))
I7: =IF($H7="","",IFERROR(INDEX('地点'!$B:$B,MATCH(LEFT(SUBSTITUTE(SUBSTITUTE($H7,",","、"),"，","、"),FIND("、",SUBSTITUTE(SUBSTITUTE($H7,",","、"),"，","、")&"、")-1),'地点'!$A:$A,0)),"⚠ ID不存在"))
I8: =IF($H8="","",IFERROR(INDEX('地点'!$B:$B,MATCH(LEFT(SUBSTITUTE(SUBSTITUTE($H8,",","、"),"，","、"),FIND("、",SUBSTITUTE(SUBSTITUTE($H8,",","、"),"，","、")&"、")-1),'地点'!$A:$A,0)),"⚠ ID不存在"))
I9: =IF($H9="","",IFERROR(INDEX('地点'!$B:$B,MATCH(LEFT(SUBSTITUTE(SUBSTITUTE($H9,",","、"),"，","、"),FIND("、",SUBSTITUTE(SUBSTITUTE($H9,",","、"),"，","、")&"、")-1),'地点'!$A:$A,0)),"⚠ ID不存在"))
I10: =IF($H10="","",IFERROR(INDEX('地点'!$B:$B,MATCH(LEFT(SUBSTITUTE(SUBSTITUTE($H10,",","、"),"，","、"),FIND("、",SUBSTITUTE(SUBSTITUTE($H10,",","、"),"，","、")&"、")-1),'地点'!$A:$A,0)),"⚠ ID不存在"))
I11: =IF($H11="","",IFERROR(INDEX('地点'!$B:$B,MATCH(LEFT(SUBSTITUTE(SUBSTITUTE($H11,",","、"),"，","、"),FIND("、",SUBSTITUTE(SUBSTITUTE($H11,",","、"),"，","、")&"、")-1),'地点'!$A:$A,0)),"⚠ ID不存在"))
I12: =IF($H12="","",IFERROR(INDEX('地点'!$B:$B,MATCH(LEFT(SUBSTITUTE(SUBSTITUTE($H12,",","、"),"，","、"),FIND("、",SUBSTITUTE(SUBSTITUTE($H12,",","、"),"，","、")&"、")-1),'地点'!$A:$A,0)),"⚠ ID不存在"))
I13: =IF($H13="","",IFERROR(INDEX('地点'!$B:$B,MATCH(LEFT(SUBSTITUTE(SUBSTITUTE($H13,",","、"),"，","、"),FIND("、",SUBSTITUTE(SUBSTITUTE($H13,",","、"),"，","、")&"、")-1),'地点'!$A:$A,0)),"⚠ ID不存在"))
... I301: =IF($H301="","",IFERROR(INDEX('地点'!$B:$B,MATCH(LEFT(SUBSTITUTE(SUBSTITUTE($H301,",","、"),"，","、"),FIND("、",SUBSTITUTE(SUBSTITUTE($H301,",","、"),"，","、")&"、")-1),'地点'!$A:$A,0)),"⚠ ID不存在"))

Sheet 出场
A1: 事件ID | B1: 事件（自动） | C1: 人物ID | D1: 人物（自动） | E1: 行动 | F1: 地点ID | G1: 地点（自动） | H1: 参与方式 | I1: 备注
B2: =IF($A2="","",IFERROR(INDEX('事件'!$F:$F,MATCH($A2,'事件'!$A:$A,0)),"⚠ ID不存在")) | D2: =IF($C2="","",IFERROR(INDEX('人物'!$B:$B,MATCH($C2,'人物'!$A:$A,0)),"⚠ ID不存在")) | G2: =IF($F2="","",IFERROR(INDEX('地点'!$B:$B,MATCH($F2,'地点'!$A:$A,0)),"⚠ ID不存在"))
B3: =IF($A3="","",IFERROR(INDEX('事件'!$F:$F,MATCH($A3,'事件'!$A:$A,0)),"⚠ ID不存在")) | D3: =IF($C3="","",IFERROR(INDEX('人物'!$B:$B,MATCH($C3,'人物'!$A:$A,0)),"⚠ ID不存在")) | G3: =IF($F3="","",IFERROR(INDEX('地点'!$B:$B,MATCH($F3,'地点'!$A:$A,0)),"⚠ ID不存在"))
B4: =IF($A4="","",IFERROR(INDEX('事件'!$F:$F,MATCH($A4,'事件'!$A:$A,0)),"⚠ ID不存在")) | D4: =IF($C4="","",IFERROR(INDEX('人物'!$B:$B,MATCH($C4,'人物'!$A:$A,0)),"⚠ ID不存在")) | G4: =IF($F4="","",IFERROR(INDEX('地点'!$B:$B,MATCH($F4,'地点'!$A:$A,0)),"⚠ ID不存在"))
B5: =IF($A5="","",IFERROR(INDEX('事件'!$F:$F,MATCH($A5,'事件'!$A:$A,0)),"⚠ ID不存在")) | D5: =IF($C5="","",IFERROR(INDEX('人物'!$B:$B,MATCH($C5,'人物'!$A:$A,0)),"⚠ ID不存在")) | G5: =IF($F5="","",IFERROR(INDEX('地点'!$B:$B,MATCH($F5,'地点'!$A:$A,0)),"⚠ ID不存在"))
B6: =IF($A6="","",IFERROR(INDEX('事件'!$F:$F,MATCH($A6,'事件'!$A:$A,0)),"⚠ ID不存在")) | D6: =IF($C6="","",IFERROR(INDEX('人物'!$B:$B,MATCH($C6,'人物'!$A:$A,0)),"⚠ ID不存在")) | G6: =IF($F6="","",IFERROR(INDEX('地点'!$B:$B,MATCH($F6,'地点'!$A:$A,0)),"⚠ ID不存在"))
B7: =IF($A7="","",IFERROR(INDEX('事件'!$F:$F,MATCH($A7,'事件'!$A:$A,0)),"⚠ ID不存在")) | D7: =IF($C7="","",IFERROR(INDEX('人物'!$B:$B,MATCH($C7,'人物'!$A:$A,0)),"⚠ ID不存在")) | G7: =IF($F7="","",IFERROR(INDEX('地点'!$B:$B,MATCH($F7,'地点'!$A:$A,0)),"⚠ ID不存在"))
B8: =IF($A8="","",IFERROR(INDEX('事件'!$F:$F,MATCH($A8,'事件'!$A:$A,0)),"⚠ ID不存在")) | D8: =IF($C8="","",IFERROR(INDEX('人物'!$B:$B,MATCH($C8,'人物'!$A:$A,0)),"⚠ ID不存在")) | G8: =IF($F8="","",IFERROR(INDEX('地点'!$B:$B,MATCH($F8,'地点'!$A:$A,0)),"⚠ ID不存在"))
B9: =IF($A9="","",IFERROR(INDEX('事件'!$F:$F,MATCH($A9,'事件'!$A:$A,0)),"⚠ ID不存在")) | D9: =IF($C9="","",IFERROR(INDEX('人物'!$B:$B,MATCH($C9,'人物'!$A:$A,0)),"⚠ ID不存在")) | G9: =IF($F9="","",IFERROR(INDEX('地点'!$B:$B,MATCH($F9,'地点'!$A:$A,0)),"⚠ ID不存在"))
B10: =IF($A10="","",IFERROR(INDEX('事件'!$F:$F,MATCH($A10,'事件'!$A:$A,0)),"⚠ ID不存在")) | D10: =IF($C10="","",IFERROR(INDEX('人物'!$B:$B,MATCH($C10,'人物'!$A:$A,0)),"⚠ ID不存在")) | G10: =IF($F10="","",IFERROR(INDEX('地点'!$B:$B,MATCH($F10,'地点'!$A:$A,0)),"⚠ ID不存在"))
B11: =IF($A11="","",IFERROR(INDEX('事件'!$F:$F,MATCH($A11,'事件'!$A:$A,0)),"⚠ ID不存在")) | D11: =IF($C11="","",IFERROR(INDEX('人物'!$B:$B,MATCH($C11,'人物'!$A:$A,0)),"⚠ ID不存在")) | G11: =IF($F11="","",IFERROR(INDEX('地点'!$B:$B,MATCH($F11,'地点'!$A:$A,0)),"⚠ ID不存在"))
B12: =IF($A12="","",IFERROR(INDEX('事件'!$F:$F,MATCH($A12,'事件'!$A:$A,0)),"⚠ ID不存在")) | D12: =IF($C12="","",IFERROR(INDEX('人物'!$B:$B,MATCH($C12,'人物'!$A:$A,0)),"⚠ ID不存在")) | G12: =IF($F12="","",IFERROR(INDEX('地点'!$B:$B,MATCH($F12,'地点'!$A:$A,0)),"⚠ ID不存在"))
B13: =IF($A13="","",IFERROR(INDEX('事件'!$F:$F,MATCH($A13,'事件'!$A:$A,0)),"⚠ ID不存在")) | D13: =IF($C13="","",IFERROR(INDEX('人物'!$B:$B,MATCH($C13,'人物'!$A:$A,0)),"⚠ ID不存在")) | G13: =IF($F13="","",IFERROR(INDEX('地点'!$B:$B,MATCH($F13,'地点'!$A:$A,0)),"⚠ ID不存在"))
... B301: =IF($A301="","",IFERROR(INDEX('事件'!$F:$F,MATCH($A301,'事件'!$A:$A,0)),"⚠ ID不存在")) | D301: =IF($C301="","",IFERROR(INDEX('人物'!$B:$B,MATCH($C301,'人物'!$A:$A,0)),"⚠ ID不存在")) | G301: =IF($F301="","",IFERROR(INDEX('地点'!$B:$B,MATCH($F301,'地点'!$A:$A,0)),"⚠ ID不存在"))

Sheet 行踪
A1: 人物ID | B1: 人物（自动） | C1: 开始日期 | D1: 结束日期 | E1: 地点ID | F1: 地点（自动） | G1: 状态 | H1: 备注
B2: =IF($A2="","",IFERROR(INDEX('人物'!$B:$B,MATCH($A2,'人物'!$A:$A,0)),"⚠ ID不存在")) | F2: =IF($E2="","",IFERROR(INDEX('地点'!$B:$B,MATCH($E2,'地点'!$A:$A,0)),"⚠ ID不存在"))
B3: =IF($A3="","",IFERROR(INDEX('人物'!$B:$B,MATCH($A3,'人物'!$A:$A,0)),"⚠ ID不存在")) | F3: =IF($E3="","",IFERROR(INDEX('地点'!$B:$B,MATCH($E3,'地点'!$A:$A,0)),"⚠ ID不存在"))
B4: =IF($A4="","",IFERROR(INDEX('人物'!$B:$B,MATCH($A4,'人物'!$A:$A,0)),"⚠ ID不存在")) | F4: =IF($E4="","",IFERROR(INDEX('地点'!$B:$B,MATCH($E4,'地点'!$A:$A,0)),"⚠ ID不存在"))
B5: =IF($A5="","",IFERROR(INDEX('人物'!$B:$B,MATCH($A5,'人物'!$A:$A,0)),"⚠ ID不存在")) | F5: =IF($E5="","",IFERROR(INDEX('地点'!$B:$B,MATCH($E5,'地点'!$A:$A,0)),"⚠ ID不存在"))
B6: =IF($A6="","",IFERROR(INDEX('人物'!$B:$B,MATCH($A6,'人物'!$A:$A,0)),"⚠ ID不存在")) | F6: =IF($E6="","",IFERROR(INDEX('地点'!$B:$B,MATCH($E6,'地点'!$A:$A,0)),"⚠ ID不存在"))
B7: =IF($A7="","",IFERROR(INDEX('人物'!$B:$B,MATCH($A7,'人物'!$A:$A,0)),"⚠ ID不存在")) | F7: =IF($E7="","",IFERROR(INDEX('地点'!$B:$B,MATCH($E7,'地点'!$A:$A,0)),"⚠ ID不存在"))
B8: =IF($A8="","",IFERROR(INDEX('人物'!$B:$B,MATCH($A8,'人物'!$A:$A,0)),"⚠ ID不存在")) | F8: =IF($E8="","",IFERROR(INDEX('地点'!$B:$B,MATCH($E8,'地点'!$A:$A,0)),"⚠ ID不存在"))
B9: =IF($A9="","",IFERROR(INDEX('人物'!$B:$B,MATCH($A9,'人物'!$A:$A,0)),"⚠ ID不存在")) | F9: =IF($E9="","",IFERROR(INDEX('地点'!$B:$B,MATCH($E9,'地点'!$A:$A,0)),"⚠ ID不存在"))
B10: =IF($A10="","",IFERROR(INDEX('人物'!$B:$B,MATCH($A10,'人物'!$A:$A,0)),"⚠ ID不存在")) | F10: =IF($E10="","",IFERROR(INDEX('地点'!$B:$B,MATCH($E10,'地点'!$A:$A,0)),"⚠ ID不存在"))
B11: =IF($A11="","",IFERROR(INDEX('人物'!$B:$B,MATCH($A11,'人物'!$A:$A,0)),"⚠ ID不存在")) | F11: =IF($E11="","",IFERROR(INDEX('地点'!$B:$B,MATCH($E11,'地点'!$A:$A,0)),"⚠ ID不存在"))
B12: =IF($A12="","",IFERROR(INDEX('人物'!$B:$B,MATCH($A12,'人物'!$A:$A,0)),"⚠ ID不存在")) | F12: =IF($E12="","",IFERROR(INDEX('地点'!$B:$B,MATCH($E12,'地点'!$A:$A,0)),"⚠ ID不存在"))
B13: =IF($A13="","",IFERROR(INDEX('人物'!$B:$B,MATCH($A13,'人物'!$A:$A,0)),"⚠ ID不存在")) | F13: =IF($E13="","",IFERROR(INDEX('地点'!$B:$B,MATCH($E13,'地点'!$A:$A,0)),"⚠ ID不存在"))
... B301: =IF($A301="","",IFERROR(INDEX('人物'!$B:$B,MATCH($A301,'人物'!$A:$A,0)),"⚠ ID不存在")) | F301: =IF($E301="","",IFERROR(INDEX('地点'!$B:$B,MATCH($E301,'地点'!$A:$A,0)),"⚠ ID不存在"))

Sheet 章节
A1: 章ID | B1: 章序 | C1: 标题 | D1: 部 | E1: 故事内时间 | F1: 主视角 | G1: 梗概 | H1: 字数 | I1: 状态 | J1: 文件

Sheet 场景
A1: 场景ID | B1: 章ID | C1: 序 | D1: 地点ID | E1: 出场人物ID | F1: 事件ID | G1: 梗概 | H1: 状态

Sheet 伏笔
A1: 伏笔ID | B1: 内容 | C1: 埋设章 | D1: 预定回收 | E1: 实际回收章 | F1: 备注

Sheet 知情台账
A1: 秘密ID | B1: 秘密 | C1: 知情人ID | D1: 知情人（自动） | E1: 何时得知 | F1: 如何得知 | G1: 状态
D2: =IF($C2="","",IFERROR(INDEX('人物'!$B:$B,MATCH($C2,'人物'!$A:$A,0)),"⚠ ID不存在"))
D3: =IF($C3="","",IFERROR(INDEX('人物'!$B:$B,MATCH($C3,'人物'!$A:$A,0)),"⚠ ID不存在"))
D4: =IF($C4="","",IFERROR(INDEX('人物'!$B:$B,MATCH($C4,'人物'!$A:$A,0)),"⚠ ID不存在"))
D5: =IF($C5="","",IFERROR(INDEX('人物'!$B:$B,MATCH($C5,'人物'!$A:$A,0)),"⚠ ID不存在"))
D6: =IF($C6="","",IFERROR(INDEX('人物'!$B:$B,MATCH($C6,'人物'!$A:$A,0)),"⚠ ID不存在"))
D7: =IF($C7="","",IFERROR(INDEX('人物'!$B:$B,MATCH($C7,'人物'!$A:$A,0)),"⚠ ID不存在"))
D8: =IF($C8="","",IFERROR(INDEX('人物'!$B:$B,MATCH($C8,'人物'!$A:$A,0)),"⚠ ID不存在"))
D9: =IF($C9="","",IFERROR(INDEX('人物'!$B:$B,MATCH($C9,'人物'!$A:$A,0)),"⚠ ID不存在"))
D10: =IF($C10="","",IFERROR(INDEX('人物'!$B:$B,MATCH($C10,'人物'!$A:$A,0)),"⚠ ID不存在"))
D11: =IF($C11="","",IFERROR(INDEX('人物'!$B:$B,MATCH($C11,'人物'!$A:$A,0)),"⚠ ID不存在"))
D12: =IF($C12="","",IFERROR(INDEX('人物'!$B:$B,MATCH($C12,'人物'!$A:$A,0)),"⚠ ID不存在"))
D13: =IF($C13="","",IFERROR(INDEX('人物'!$B:$B,MATCH($C13,'人物'!$A:$A,0)),"⚠ ID不存在"))
... D301: =IF($C301="","",IFERROR(INDEX('人物'!$B:$B,MATCH($C301,'人物'!$A:$A,0)),"⚠ ID不存在"))

Sheet 节日
A1: 年 | B1: 名称 | C1: 日期
